TREE_GUID *,TREE_TYPE,SPIS,STRY,TREE_ALIVE,DEAD_TREE_CAUSE,GROUP_TYPE,CONIFER_STEM_STRAIGHTNESS,LOWEST_DEAD_BRANCH_HEIGHT,POINT_GUID *,TREE_OR_STUMP,DECAY_CLASS,STUMP_DECAY_CLASS,COPPICE_STOOL,LINKED_TREE_GUID *,TREE_LOCATION,OBJECTID *,OUTSIDE_PLOT,HEIGHT,TREE_HEIGHT,UC_HEIGHT,LC_HEIGHT,SHAPE *,DBH,DIAMETER_ONE,DIAMETER_TWO,SPECIES_GROUP,EXCESSIVE_LEAN,WINDSNAPPED,COPPICE_STOOL_GUID *,CROWN_DIAMETER_ONE,CROWN_DIAMETER_TWO,RECORD_STATUS,FIELDS_STATUS,TIMBER_HEIGHT,TREE_RESURVEY,GOOD_FELLING_PRACTICE,COPPICE_STOOL_DIAMETER,RANGE_DBH,RANGE_HEIGHT,RANGE_CROWN_DIAMETER_1,RANGE_CROWN_DIAMETER_2,RANGE_DIAMETER_ONE,RANGE_STUMP_HEIGHT,STUMP_TYPE,RANGE_DIAMETER_TWO,SIZE_RANK,PERCENTAGE_HEIGHT_REM,STUMP_AGE,IS_STUMP_AGE
{90106646-EC43-4E04-B3DB-F4DBE0F37FD3},1,SS,4,1,<Null>,1,<Null>,<Null>,{197A519B-7AF1-4374-BDD8-81FA03CCC54F},1,<Null>,<Null>,<Null>,<Null>,<Null>,34,<Null>,<Null>,<Null>,<Null>,<Null>,Point,11,<Null>,<Null>,<Null>,0,0,<Null>,<Null>,<Null>,new,<Null>,<Null>,1,<Null>,<Null>,<Null>,<Null>,<Null>,<Null>,<Null>,<Null>,<Null>,<Null>,<Null>,<Null>,<Null>,<Null>
{3B18375F-B224-420E-92D0-0D7A0AC51B4A},1,SS,4,1,<Null>,1,<Null>,<Null>,{197A519B-7AF1-4374-BDD8-81FA03CCC54F},1,<Null>,<Null>,<Null>,<Null>,<Null>,24,<Null>,<Null>,<Null>,<Null>,<Null>,Point,11,<Null>,<Null>,<Null>,0,0,<Null>,<Null>,<Null>,new,<Null>,<Null>,1,<Null>,<Null>,<Null>,<Null>,<Null>,<Null>,<Null>,<Null>,<Null>,<Null>,<Null>,<Null>,<Null>,<Null>
{BCADC7ED-3C2B-41E1-9118-D3A74AAE8353},1,SS,4,1,<Null>,1,<Null>,<Null>,{197A519B-7AF1-4374-BDD8-81FA03CCC54F},1,<Null>,<Null>,<Null>,<Null>,<Null>,25,<Null>,<Null>,<Null>,<Null>,<Null>,Point,10,<Null>,<Null>,<Null>,0,0,<Null>,<Null>,<Null>,new,<Null>,<Null>,1,<Null>,<Null>,<Null>,<Null>,<Null>,<Null>,<Null>,<Null>,<Null>,<Null>,<Null>,<Null>,<Null>,<Null>
{DE39854B-074C-4CAE-B32C-42AC66063D68},1,SS,4,1,<Null>,1,<Null>,<Null>,{197A519B-7AF1-4374-BDD8-81FA03CCC54F},1,<Null>,<Null>,<Null>,<Null>,<Null>,26,<Null>,<Null>,<Null>,<Null>,<Null>,Point,12,<Null>,<Null>,<Null>,0,0,<Null>,<Null>,<Null>,new,<Null>,<Null>,1,<Null>,<Null>,<Null>,<Null>,<Null>,<Null>,<Null>,<Null>,<Null>,<Null>,<Null>,<Null>,<Null>,<Null>
{44B67C6E-1F42-4FBC-8DB3-73FC488AB30E},1,SS,4,1,<Null>,1,<Null>,<Null>,{197A519B-7AF1-4374-BDD8-81FA03CCC54F},1,<Null>,<Null>,<Null>,<Null>,<Null>,27,<Null>,<Null>,<Null>,<Null>,<Null>,Point,10,<Null>,<Null>,<Null>,0,0,<Null>,<Null>,<Null>,new,<Null>,<Null>,1,<Null>,<Null>,<Null>,<Null>,<Null>,<Null>,<Null>,<Null>,<Null>,<Null>,<Null>,<Null>,<Null>,<Null>
{4CEC0CAD-BD3D-476B-87D4-C61579650A10},1,SS,4,1,<Null>,1,<Null>,<Null>,{197A519B-7AF1-4374-BDD8-81FA03CCC54F},1,<Null>,<Null>,<Null>,<Null>,<Null>,28,<Null>,<Null>,<Null>,<Null>,<Null>,Point,13,<Null>,<Null>,<Null>,0,0,<Null>,<Null>,<Null>,new,<Null>,<Null>,1,<Null>,<Null>,<Null>,<Null>,<Null>,<Null>,<Null>,<Null>,<Null>,<Null>,<Null>,<Null>,<Null>,<Null>
{37A8C57B-D0B0-472B-8163-5074E55E5143},1,SS,4,1,<Null>,1,<Null>,<Null>,{197A519B-7AF1-4374-BDD8-81FA03CCC54F},1,<Null>,<Null>,<Null>,<Null>,<Null>,29,<Null>,<Null>,<Null>,<Null>,<Null>,Point,9,<Null>,<Null>,<Null>,0,0,<Null>,<Null>,<Null>,new,<Null>,<Null>,1,<Null>,<Null>,<Null>,<Null>,<Null>,<Null>,<Null>,<Null>,<Null>,<Null>,<Null>,<Null>,<Null>,<Null>
{F77D02DF-3773-4BE2-AB2E-315D8484E257},1,SS,4,1,<Null>,1,<Null>,<Null>,{197A519B-7AF1-4374-BDD8-81FA03CCC54F},1,<Null>,<Null>,<Null>,<Null>,<Null>,30,<Null>,<Null>,<Null>,<Null>,<Null>,Point,12,<Null>,<Null>,<Null>,0,0,<Null>,<Null>,<Null>,new,<Null>,<Null>,1,<Null>,<Null>,<Null>,<Null>,<Null>,<Null>,<Null>,<Null>,<Null>,<Null>,<Null>,<Null>,<Null>,<Null>
{6199C982-537A-4007-B561-0BD3A9420B88},1,SS,4,1,<Null>,1,<Null>,<Null>,{197A519B-7AF1-4374-BDD8-81FA03CCC54F},1,<Null>,<Null>,<Null>,<Null>,<Null>,31,<Null>,<Null>,<Null>,<Null>,<Null>,Point,9,<Null>,<Null>,<Null>,0,0,<Null>,<Null>,<Null>,new,<Null>,<Null>,1,<Null>,<Null>,<Null>,<Null>,<Null>,<Null>,<Null>,<Null>,<Null>,<Null>,<Null>,<Null>,<Null>,<Null>
{6795837A-33AF-415A-AA14-63C7F904CED3},1,SS,4,1,<Null>,1,<Null>,<Null>,{197A519B-7AF1-4374-BDD8-81FA03CCC54F},1,<Null>,<Null>,<Null>,<Null>,<Null>,23,<Null>,<Null>,<Null>,<Null>,<Null>,Point,18,<Null>,<Null>,<Null>,0,0,<Null>,<Null>,<Null>,new,<Null>,<Null>,1,<Null>,<Null>,<Null>,<Null>,<Null>,<Null>,<Null>,<Null>,<Null>,<Null>,<Null>,<Null>,<Null>,<Null>
{F0B26071-E349-4A99-B42C-3B619C94F640},1,SS,4,1,<Null>,1,<Null>,<Null>,{197A519B-7AF1-4374-BDD8-81FA03CCC54F},1,<Null>,<Null>,<Null>,<Null>,<Null>,33,<Null>,<Null>,<Null>,<Null>,<Null>,Point,19,<Null>,<Null>,<Null>,0,0,<Null>,<Null>,<Null>,new,<Null>,<Null>,1,<Null>,<Null>,<Null>,<Null>,<Null>,<Null>,<Null>,<Null>,<Null>,<Null>,<Null>,<Null>,<Null>,<Null>
{D649354E-8248-4B26-9D79-79A623B379E7},1,SS,4,1,<Null>,1,<Null>,<Null>,{197A519B-7AF1-4374-BDD8-81FA03CCC54F},1,<Null>,<Null>,<Null>,<Null>,<Null>,38,<Null>,<Null>,<Null>,<Null>,<Null>,Point,11,<Null>,<Null>,<Null>,0,0,<Null>,<Null>,<Null>,new,<Null>,<Null>,1,<Null>,<Null>,<Null>,<Null>,<Null>,<Null>,<Null>,<Null>,<Null>,<Null>,<Null>,<Null>,<Null>,<Null>
{960924CF-3D41-41DD-86AD-CC9BF9322122},2,SS,4,1,<Null>,1,5,<Null>,{197A519B-7AF1-4374-BDD8-81FA03CCC54F},1,<Null>,<Null>,<Null>,<Null>,<Null>,35,0,<Null>,15.5,<Null>,<Null>,Point,23,<Null>,<Null>,<Null>,0,0,<Null>,4,3.8,new,<Null>,<Null>,1,<Null>,<Null>,<Null>,<Null>,<Null>,<Null>,<Null>,<Null>,<Null>,<Null>,<Null>,<Null>,<Null>,<Null>
{FBEC7FA3-48C0-43B7-8BFB-FB6755B8463B},1,SS,4,1,<Null>,1,<Null>,<Null>,{197A519B-7AF1-4374-BDD8-81FA03CCC54F},1,<Null>,<Null>,<Null>,<Null>,<Null>,36,<Null>,<Null>,<Null>,<Null>,<Null>,Point,13,<Null>,<Null>,<Null>,0,0,<Null>,<Null>,<Null>,new,<Null>,<Null>,1,<Null>,<Null>,<Null>,<Null>,<Null>,<Null>,<Null>,<Null>,<Null>,<Null>,<Null>,<Null>,<Null>,<Null>
{0616142A-B7EB-4947-9FF9-F759802A113B},1,SS,4,1,<Null>,1,<Null>,<Null>,{197A519B-7AF1-4374-BDD8-81FA03CCC54F},1,<Null>,<Null>,<Null>,<Null>,<Null>,37,<Null>,<Null>,<Null>,<Null>,<Null>,Point,14,<Null>,<Null>,<Null>,0,0,<Null>,<Null>,<Null>,new,<Null>,<Null>,1,<Null>,<Null>,<Null>,<Null>,<Null>,<Null>,<Null>,<Null>,<Null>,<Null>,<Null>,<Null>,<Null>,<Null>
{8FC6FF5B-55F0-41EB-AE99-9C7D82F1DD51},1,SS,4,1,<Null>,1,<Null>,<Null>,{197A519B-7AF1-4374-BDD8-81FA03CCC54F},1,<Null>,<Null>,<Null>,<Null>,<Null>,39,<Null>,<Null>,<Null>,<Null>,<Null>,Point,17,<Null>,<Null>,<Null>,0,0,<Null>,<Null>,<Null>,new,<Null>,<Null>,1,<Null>,<Null>,<Null>,<Null>,<Null>,<Null>,<Null>,<Null>,<Null>,<Null>,<Null>,<Null>,<Null>,<Null>
{6EEBE610-45B4-4F61-AE0D-75841F19B130},1,SS,4,1,<Null>,1,<Null>,<Null>,{197A519B-7AF1-4374-BDD8-81FA03CCC54F},1,<Null>,<Null>,<Null>,<Null>,<Null>,1,<Null>,<Null>,<Null>,<Null>,<Null>,Point,12,<Null>,<Null>,<Null>,0,0,<Null>,<Null>,<Null>,new,<Null>,<Null>,1,<Null>,<Null>,<Null>,<Null>,<Null>,<Null>,<Null>,<Null>,<Null>,<Null>,<Null>,<Null>,<Null>,<Null>
{C9444FD0-D7C3-41C8-9955-550C277FC273},5,SS,4,1,<Null>,1,<Null>,<Null>,{197A519B-7AF1-4374-BDD8-81FA03CCC54F},1,<Null>,<Null>,<Null>,<Null>,<Null>,41,0,<Null>,10.7,<Null>,<Null>,Point,10,<Null>,<Null>,<Null>,0,0,<Null>,2,1.8,new,<Null>,<Null>,1,<Null>,<Null>,<Null>,<Null>,<Null>,<Null>,<Null>,<Null>,<Null>,<Null>,<Null>,<Null>,<Null>,<Null>
{5C815F38-79EC-4298-A96E-CF8CE8CE88D6},1,SS,4,1,<Null>,1,<Null>,<Null>,{197A519B-7AF1-4374-BDD8-81FA03CCC54F},1,<Null>,<Null>,<Null>,<Null>,<Null>,42,<Null>,<Null>,<Null>,<Null>,<Null>,Point,9,<Null>,<Null>,<Null>,0,0,<Null>,<Null>,<Null>,new,<Null>,<Null>,1,<Null>,<Null>,<Null>,<Null>,<Null>,<Null>,<Null>,<Null>,<Null>,<Null>,<Null>,<Null>,<Null>,<Null>
{471A9C53-7B52-4EE2-917C-ED0E412BFD58},<Null>,SS,<Null>,<Null>,<Null>,<Null>,<Null>,<Null>,{197A519B-7AF1-4374-BDD8-81FA03CCC54F},2,<Null>,9,0,<Null>,<Null>,43,<Null>,10,<Null>,<Null>,<Null>,Point,12,18,18,1,<Null>,<Null>,<Null>,<Null>,<Null>,new,<Null>,<Null>,1,3,<Null>,<Null>,<Null>,<Null>,<Null>,<Null>,<Null>,2,<Null>,<Null>,<Null>,<Null>,<Null>
{931B49D0-F3E7-42FB-B0E4-2FF8CBFD06E1},4,SS,4,1,<Null>,1,<Null>,<Null>,{197A519B-7AF1-4374-BDD8-81FA03CCC54F},1,<Null>,<Null>,<Null>,<Null>,<Null>,32,0,<Null>,9.7,<Null>,<Null>,Point,9,<Null>,<Null>,<Null>,0,0,<Null>,1.8,1.8,new,<Null>,<Null>,1,<Null>,<Null>,<Null>,<Null>,<Null>,<Null>,<Null>,<Null>,<Null>,<Null>,<Null>,<Null>,<Null>,<Null>
{5CE0C6B6-1684-4A58-9DA7-77CEF3D5A7D0},1,SS,4,1,<Null>,1,<Null>,<Null>,{197A519B-7AF1-4374-BDD8-81FA03CCC54F},1,<Null>,<Null>,<Null>,<Null>,<Null>,7,<Null>,<Null>,<Null>,<Null>,<Null>,Point,15,<Null>,<Null>,<Null>,0,0,<Null>,<Null>,<Null>,new,<Null>,<Null>,1,<Null>,<Null>,<Null>,<Null>,<Null>,<Null>,<Null>,<Null>,<Null>,<Null>,<Null>,<Null>,<Null>,<Null>
{28747C57-7667-471A-AFD7-28BF16C0F92D},1,SS,4,1,<Null>,1,<Null>,<Null>,{197A519B-7AF1-4374-BDD8-81FA03CCC54F},1,<Null>,<Null>,<Null>,<Null>,<Null>,40,<Null>,<Null>,<Null>,<Null>,<Null>,Point,9,<Null>,<Null>,<Null>,0,0,<Null>,<Null>,<Null>,new,<Null>,<Null>,1,<Null>,<Null>,<Null>,<Null>,<Null>,<Null>,<Null>,<Null>,<Null>,<Null>,<Null>,<Null>,<Null>,<Null>
{40F69657-0FC2-4115-B820-1C722C69E88E},1,SS,4,1,<Null>,1,<Null>,<Null>,{197A519B-7AF1-4374-BDD8-81FA03CCC54F},1,<Null>,<Null>,<Null>,<Null>,<Null>,22,<Null>,<Null>,<Null>,<Null>,<Null>,Point,11,<Null>,<Null>,<Null>,0,0,<Null>,<Null>,<Null>,new,<Null>,<Null>,1,<Null>,<Null>,<Null>,<Null>,<Null>,<Null>,<Null>,<Null>,<Null>,<Null>,<Null>,<Null>,<Null>,<Null>
{F7258737-B887-447D-9625-F83958CFDA2E},<Null>,SS,<Null>,<Null>,<Null>,<Null>,<Null>,<Null>,{197A519B-7AF1-4374-BDD8-81FA03CCC54F},2,<Null>,9,0,<Null>,<Null>,2,<Null>,10,<Null>,<Null>,<Null>,Point,12,4,4,1,<Null>,<Null>,<Null>,<Null>,<Null>,new,<Null>,<Null>,1,1,<Null>,<Null>,<Null>,<Null>,<Null>,<Null>,<Null>,2,<Null>,<Null>,<Null>,<Null>,<Null>
{49412F27-C692-47DF-AB9C-F97769E80A06},1,SS,4,1,<Null>,1,<Null>,<Null>,{197A519B-7AF1-4374-BDD8-81FA03CCC54F},1,<Null>,<Null>,<Null>,<Null>,<Null>,3,<Null>,<Null>,<Null>,<Null>,<Null>,Point,13,<Null>,<Null>,<Null>,0,0,<Null>,<Null>,<Null>,new,<Null>,<Null>,1,<Null>,<Null>,<Null>,<Null>,<Null>,<Null>,<Null>,<Null>,<Null>,<Null>,<Null>,<Null>,<Null>,<Null>
{791BDCE0-FE7D-4B1A-901B-484ACFC764A6},1,SS,4,1,<Null>,1,<Null>,<Null>,{197A519B-7AF1-4374-BDD8-81FA03CCC54F},1,<Null>,<Null>,<Null>,<Null>,<Null>,4,<Null>,<Null>,<Null>,<Null>,<Null>,Point,12,<Null>,<Null>,<Null>,0,0,<Null>,<Null>,<Null>,new,<Null>,<Null>,1,<Null>,<Null>,<Null>,<Null>,<Null>,<Null>,<Null>,<Null>,<Null>,<Null>,<Null>,<Null>,<Null>,<Null>
{8AF5D9CD-3E90-4733-97E2-BB8B9D68233A},1,SS,4,1,<Null>,1,<Null>,<Null>,{197A519B-7AF1-4374-BDD8-81FA03CCC54F},1,<Null>,<Null>,<Null>,<Null>,<Null>,5,<Null>,<Null>,<Null>,<Null>,<Null>,Point,13,<Null>,<Null>,<Null>,0,0,<Null>,<Null>,<Null>,new,<Null>,<Null>,1,<Null>,<Null>,<Null>,<Null>,<Null>,<Null>,<Null>,<Null>,<Null>,<Null>,<Null>,<Null>,<Null>,<Null>
{CEB780E6-D151-4981-8192-B75CBA62ACB8},1,SS,4,1,<Null>,1,<Null>,<Null>,{197A519B-7AF1-4374-BDD8-81FA03CCC54F},1,<Null>,<Null>,<Null>,<Null>,<Null>,6,<Null>,<Null>,<Null>,<Null>,<Null>,Point,13,<Null>,<Null>,<Null>,0,0,<Null>,<Null>,<Null>,new,<Null>,<Null>,1,<Null>,<Null>,<Null>,<Null>,<Null>,<Null>,<Null>,<Null>,<Null>,<Null>,<Null>,<Null>,<Null>,<Null>
{141311CD-1E87-4F76-837B-429485203006},1,SS,4,1,<Null>,1,<Null>,<Null>,{197A519B-7AF1-4374-BDD8-81FA03CCC54F},1,<Null>,<Null>,<Null>,<Null>,<Null>,8,<Null>,<Null>,<Null>,<Null>,<Null>,Point,9,<Null>,<Null>,<Null>,0,0,<Null>,<Null>,<Null>,new,<Null>,<Null>,1,<Null>,<Null>,<Null>,<Null>,<Null>,<Null>,<Null>,<Null>,<Null>,<Null>,<Null>,<Null>,<Null>,<Null>
{B84A21B4-69D4-4BCC-96AB-50F18A0296EA},1,SS,4,1,<Null>,1,<Null>,<Null>,{197A519B-7AF1-4374-BDD8-81FA03CCC54F},1,<Null>,<Null>,<Null>,<Null>,<Null>,9,<Null>,<Null>,<Null>,<Null>,<Null>,Point,11,<Null>,<Null>,<Null>,0,0,<Null>,<Null>,<Null>,new,<Null>,<Null>,1,<Null>,<Null>,<Null>,<Null>,<Null>,<Null>,<Null>,<Null>,<Null>,<Null>,<Null>,<Null>,<Null>,<Null>
{0D780E6C-D63A-44E9-A113-DBEABB07383F},1,SS,4,1,<Null>,1,<Null>,<Null>,{197A519B-7AF1-4374-BDD8-81FA03CCC54F},1,<Null>,<Null>,<Null>,<Null>,<Null>,10,<Null>,<Null>,<Null>,<Null>,<Null>,Point,19,<Null>,<Null>,<Null>,0,0,<Null>,<Null>,<Null>,new,<Null>,<Null>,1,<Null>,<Null>,<Null>,<Null>,<Null>,<Null>,<Null>,<Null>,<Null>,<Null>,<Null>,<Null>,<Null>,<Null>
{83CA68D6-F5B0-40BE-8480-5E28AACC2592},<Null>,SS,<Null>,<Null>,<Null>,<Null>,<Null>,<Null>,{197A519B-7AF1-4374-BDD8-81FA03CCC54F},11,<Null>,<Null>,<Null>,<Null>,<Null>,18,<Null>,<Null>,<Null>,<Null>,<Null>,Point,12,<Null>,<Null>,<Null>,<Null>,<Null>,<Null>,<Null>,<Null>,new,<Null>,<Null>,1,<Null>,<Null>,<Null>,<Null>,<Null>,<Null>,<Null>,<Null>,<Null>,<Null>,<Null>,<Null>,<Null>,<Null>
{E86EFD8D-18C0-49BD-AE2D-FEB4E62D1CFF},1,SS,4,1,<Null>,1,<Null>,<Null>,{197A519B-7AF1-4374-BDD8-81FA03CCC54F},1,<Null>,<Null>,<Null>,<Null>,<Null>,21,<Null>,<Null>,<Null>,<Null>,<Null>,Point,18,<Null>,<Null>,<Null>,0,0,<Null>,<Null>,<Null>,new,<Null>,<Null>,1,<Null>,<Null>,<Null>,<Null>,<Null>,<Null>,<Null>,<Null>,<Null>,<Null>,<Null>,<Null>,<Null>,<Null>
{31EBA108-1DAE-47CF-B27F-B8D4B2B24CFD},1,SS,4,1,<Null>,1,<Null>,<Null>,{197A519B-7AF1-4374-BDD8-81FA03CCC54F},12,<Null>,<Null>,<Null>,<Null>,<Null>,20,<Null>,<Null>,<Null>,<Null>,<Null>,Point,16,<Null>,<Null>,<Null>,0,0,{83CA68D6-F5B0-40BE-8480-5E28AACC2592},<Null>,<Null>,new,<Null>,<Null>,1,<Null>,<Null>,<Null>,<Null>,<Null>,<Null>,<Null>,<Null>,<Null>,<Null>,<Null>,<Null>,<Null>,<Null>
{DE18BA48-0065-48F3-B0B4-41A344337FBE},1,SS,4,1,<Null>,1,<Null>,<Null>,{197A519B-7AF1-4374-BDD8-81FA03CCC54F},12,<Null>,<Null>,<Null>,<Null>,<Null>,19,<Null>,<Null>,<Null>,<Null>,<Null>,Point,13,<Null>,<Null>,<Null>,0,0,{83CA68D6-F5B0-40BE-8480-5E28AACC2592},<Null>,<Null>,new,<Null>,<Null>,1,<Null>,<Null>,<Null>,<Null>,<Null>,<Null>,<Null>,<Null>,<Null>,<Null>,<Null>,<Null>,<Null>,<Null>
{D2FE6F41-BD9A-48D9-8E24-C167DC58DE83},1,SS,4,1,<Null>,1,<Null>,<Null>,{197A519B-7AF1-4374-BDD8-81FA03CCC54F},1,<Null>,<Null>,<Null>,<Null>,<Null>,11,<Null>,<Null>,<Null>,<Null>,<Null>,Point,14,<Null>,<Null>,<Null>,0,0,<Null>,<Null>,<Null>,new,<Null>,<Null>,1,<Null>,<Null>,<Null>,<Null>,<Null>,<Null>,<Null>,<Null>,<Null>,<Null>,<Null>,<Null>,<Null>,<Null>
{6D33AE5F-E918-4EB9-8B01-E23E39EFF36E},1,SS,4,1,<Null>,1,<Null>,<Null>,{197A519B-7AF1-4374-BDD8-81FA03CCC54F},1,<Null>,<Null>,<Null>,<Null>,<Null>,17,<Null>,<Null>,<Null>,<Null>,<Null>,Point,11,<Null>,<Null>,<Null>,0,0,<Null>,<Null>,<Null>,new,<Null>,<Null>,1,<Null>,<Null>,<Null>,<Null>,<Null>,<Null>,<Null>,<Null>,<Null>,<Null>,<Null>,<Null>,<Null>,<Null>
{F5263DF6-9DBA-46B4-B415-60EEE5ED9F30},1,SS,4,1,<Null>,1,<Null>,<Null>,{197A519B-7AF1-4374-BDD8-81FA03CCC54F},1,<Null>,<Null>,<Null>,<Null>,<Null>,16,<Null>,<Null>,<Null>,<Null>,<Null>,Point,15,<Null>,<Null>,<Null>,0,0,<Null>,<Null>,<Null>,new,<Null>,<Null>,1,<Null>,<Null>,<Null>,<Null>,<Null>,<Null>,<Null>,<Null>,<Null>,<Null>,<Null>,<Null>,<Null>,<Null>
{C79D790B-CADD-44EC-8DD2-4E87F8796FF6},1,SS,4,1,<Null>,1,<Null>,<Null>,{197A519B-7AF1-4374-BDD8-81FA03CCC54F},1,<Null>,<Null>,<Null>,<Null>,<Null>,15,<Null>,<Null>,<Null>,<Null>,<Null>,Point,23,<Null>,<Null>,<Null>,0,0,<Null>,<Null>,<Null>,new,<Null>,<Null>,1,<Null>,<Null>,<Null>,<Null>,<Null>,<Null>,<Null>,<Null>,<Null>,<Null>,<Null>,<Null>,<Null>,<Null>
{3724DA74-C1FF-4D60-AB30-67CB37C07904},1,SS,4,1,<Null>,1,<Null>,<Null>,{197A519B-7AF1-4374-BDD8-81FA03CCC54F},1,<Null>,<Null>,<Null>,<Null>,<Null>,14,<Null>,<Null>,<Null>,<Null>,<Null>,Point,11,<Null>,<Null>,<Null>,0,0,<Null>,<Null>,<Null>,new,<Null>,<Null>,1,<Null>,<Null>,<Null>,<Null>,<Null>,<Null>,<Null>,<Null>,<Null>,<Null>,<Null>,<Null>,<Null>,<Null>
{3B35799B-5978-4807-B5B0-64D09F617192},1,SS,4,1,<Null>,1,<Null>,<Null>,{197A519B-7AF1-4374-BDD8-81FA03CCC54F},1,<Null>,<Null>,<Null>,<Null>,<Null>,13,<Null>,<Null>,<Null>,<Null>,<Null>,Point,11,<Null>,<Null>,<Null>,0,0,<Null>,<Null>,<Null>,new,<Null>,<Null>,1,<Null>,<Null>,<Null>,<Null>,<Null>,<Null>,<Null>,<Null>,<Null>,<Null>,<Null>,<Null>,<Null>,<Null>
{6A4075B6-9FA1-46E1-BE07-BA5512A463A6},1,SS,4,1,<Null>,1,<Null>,<Null>,{197A519B-7AF1-4374-BDD8-81FA03CCC54F},1,<Null>,<Null>,<Null>,<Null>,<Null>,12,<Null>,<Null>,<Null>,<Null>,<Null>,Point,14,<Null>,<Null>,<Null>,0,0,<Null>,<Null>,<Null>,new,<Null>,<Null>,1,<Null>,<Null>,<Null>,<Null>,<Null>,<Null>,<Null>,<Null>,<Null>,<Null>,<Null>,<Null>,<Null>,<Null>
{901773DE-65E6-4171-BDB6-8117ED09021F},1,SS,1,0,1,1,<Null>,<Null>,{224FD85B-6B64-4075-B51F-BA2D390AB4EF},1,6,<Null>,<Null>,<Null>,<Null>,55,<Null>,<Null>,10,<Null>,<Null>,Point,15,<Null>,<Null>,<Null>,0,0,<Null>,<Null>,<Null>,new,<Null>,<Null>,1,<Null>,<Null>,<Null>,<Null>,<Null>,<Null>,<Null>,<Null>,<Null>,<Null>,<Null>,<Null>,<Null>,<Null>
{700EA84B-65D6-4958-9228-7A3EA980C9BA},2,SS,1,1,<Null>,1,1,<Null>,{224FD85B-6B64-4075-B51F-BA2D390AB4EF},1,<Null>,<Null>,<Null>,<Null>,<Null>,48,<Null>,<Null>,12.1,<Null>,<Null>,Point,15,<Null>,<Null>,<Null>,0,0,<Null>,3.3,2.8,new,<Null>,<Null>,1,<Null>,<Null>,<Null>,<Null>,<Null>,<Null>,<Null>,<Null>,<Null>,<Null>,<Null>,<Null>,<Null>,<Null>
{93696A8B-E9E4-45F1-BFFF-C5830E9FA80B},1,SS,3,1,<Null>,1,<Null>,<Null>,{224FD85B-6B64-4075-B51F-BA2D390AB4EF},1,<Null>,<Null>,<Null>,<Null>,<Null>,63,<Null>,<Null>,<Null>,<Null>,<Null>,Point,22,<Null>,<Null>,<Null>,0,0,<Null>,<Null>,<Null>,new,<Null>,<Null>,1,<Null>,<Null>,<Null>,<Null>,<Null>,<Null>,<Null>,<Null>,<Null>,<Null>,<Null>,<Null>,<Null>,<Null>
{188D4CE9-6B45-495E-90BF-73C1E3782358},<Null>,<Null>,<Null>,<Null>,<Null>,<Null>,<Null>,<Null>,{224FD85B-6B64-4075-B51F-BA2D390AB4EF},2,<Null>,9,0,<Null>,<Null>,61,<Null>,38,<Null>,<Null>,<Null>,Point,<Null>,5,5,1,<Null>,<Null>,<Null>,<Null>,<Null>,new,<Null>,<Null>,1,4,<Null>,<Null>,<Null>,<Null>,<Null>,<Null>,<Null>,2,<Null>,<Null>,<Null>,<Null>,<Null>
{26BCDAC0-DF10-4ED0-84EE-4947FE32E297},1,SS,1,0,1,1,<Null>,<Null>,{224FD85B-6B64-4075-B51F-BA2D390AB4EF},1,4,<Null>,<Null>,<Null>,<Null>,60,<Null>,<Null>,11,<Null>,<Null>,Point,14,<Null>,<Null>,<Null>,0,1,<Null>,<Null>,<Null>,new,<Null>,<Null>,1,<Null>,<Null>,<Null>,<Null>,<Null>,<Null>,<Null>,<Null>,<Null>,<Null>,<Null>,65,<Null>,<Null>
{F109B6BD-CB8F-44F8-89C0-790E53A18C7A},1,SS,1,0,1,1,<Null>,<Null>,{224FD85B-6B64-4075-B51F-BA2D390AB4EF},1,5,<Null>,<Null>,<Null>,<Null>,59,<Null>,<Null>,11,<Null>,<Null>,Point,12,<Null>,<Null>,<Null>,0,1,<Null>,<Null>,<Null>,new,<Null>,<Null>,1,<Null>,<Null>,<Null>,<Null>,<Null>,<Null>,<Null>,<Null>,<Null>,<Null>,<Null>,65,<Null>,<Null>
{939D55A2-3398-4777-A741-A1BE12EB0A7F},1,SS,1,0,1,1,<Null>,<Null>,{224FD85B-6B64-4075-B51F-BA2D390AB4EF},1,4,<Null>,<Null>,<Null>,<Null>,58,<Null>,<Null>,10,<Null>,<Null>,Point,10,<Null>,<Null>,<Null>,0,0,<Null>,<Null>,<Null>,new,<Null>,<Null>,1,<Null>,<Null>,<Null>,<Null>,<Null>,<Null>,<Null>,<Null>,<Null>,<Null>,<Null>,<Null>,<Null>,<Null>
{39E11468-5466-46A8-8C74-61AEC5292C8E},1,SS,1,0,1,1,<Null>,<Null>,{224FD85B-6B64-4075-B51F-BA2D390AB4EF},1,6,<Null>,<Null>,<Null>,<Null>,57,<Null>,<Null>,5,<Null>,<Null>,Point,7,<Null>,<Null>,<Null>,0,0,<Null>,<Null>,<Null>,new,<Null>,<Null>,1,<Null>,<Null>,<Null>,<Null>,<Null>,<Null>,<Null>,<Null>,<Null>,<Null>,<Null>,<Null>,<Null>,<Null>
{9AA01FD3-3372-46BB-AA1C-AA3A302228BB},1,SS,1,0,1,1,<Null>,<Null>,{224FD85B-6B64-4075-B51F-BA2D390AB4EF},1,3,<Null>,<Null>,<Null>,<Null>,56,<Null>,<Null>,12,<Null>,<Null>,Point,11,<Null>,<Null>,<Null>,0,0,<Null>,<Null>,<Null>,new,<Null>,<Null>,1,<Null>,<Null>,<Null>,<Null>,<Null>,<Null>,<Null>,<Null>,<Null>,<Null>,<Null>,<Null>,<Null>,<Null>
{8F7CC7C1-EE36-477B-91AB-965559A18CAC},<Null>,<Null>,<Null>,<Null>,<Null>,<Null>,<Null>,<Null>,{224FD85B-6B64-4075-B51F-BA2D390AB4EF},2,<Null>,9,0,<Null>,<Null>,62,<Null>,20,<Null>,<Null>,<Null>,Point,<Null>,7,7,1,<Null>,<Null>,<Null>,<Null>,<Null>,new,<Null>,<Null>,1,4,<Null>,<Null>,<Null>,<Null>,<Null>,<Null>,<Null>,2,<Null>,<Null>,<Null>,<Null>,<Null>
{8F9328AB-77AB-4C10-891D-B07681BD47FE},5,SS,3,1,<Null>,1,3,<Null>,{224FD85B-6B64-4075-B51F-BA2D390AB4EF},1,<Null>,<Null>,<Null>,<Null>,<Null>,45,0,<Null>,22.5,<Null>,<Null>,Point,30,<Null>,<Null>,<Null>,0,0,<Null>,3.8,4.6,new,<Null>,<Null>,1,<Null>,<Null>,<Null>,<Null>,<Null>,<Null>,<Null>,<Null>,<Null>,<Null>,<Null>,<Null>,<Null>,<Null>
{5AD0A98F-8676-44B3-8224-BAA19D1F9CF6},1,SS,1,0,1,1,<Null>,<Null>,{224FD85B-6B64-4075-B51F-BA2D390AB4EF},1,7,<Null>,<Null>,<Null>,<Null>,50,<Null>,<Null>,1.7,<Null>,<Null>,Point,9,<Null>,<Null>,<Null>,0,0,<Null>,<Null>,<Null>,new,<Null>,<Null>,1,<Null>,<Null>,<Null>,<Null>,<Null>,<Null>,<Null>,<Null>,<Null>,<Null>,<Null>,<Null>,<Null>,<Null>
{8FEBA82A-C5A9-4C19-8F93-104E90DFCB86},1,SS,1,0,1,1,<Null>,<Null>,{224FD85B-6B64-4075-B51F-BA2D390AB4EF},1,6,<Null>,<Null>,<Null>,<Null>,54,<Null>,<Null>,8,<Null>,<Null>,Point,7,<Null>,<Null>,<Null>,0,0,<Null>,<Null>,<Null>,new,<Null>,<Null>,1,<Null>,<Null>,<Null>,<Null>,<Null>,<Null>,<Null>,<Null>,<Null>,<Null>,<Null>,<Null>,<Null>,<Null>
{9944D593-8DC0-4497-A39B-70F7B2650770},1,SS,3,1,<Null>,1,<Null>,<Null>,{224FD85B-6B64-4075-B51F-BA2D390AB4EF},1,<Null>,<Null>,<Null>,<Null>,<Null>,44,<Null>,<Null>,<Null>,<Null>,<Null>,Point,19,<Null>,<Null>,<Null>,0,0,<Null>,<Null>,<Null>,new,<Null>,<Null>,1,<Null>,<Null>,<Null>,<Null>,<Null>,<Null>,<Null>,<Null>,<Null>,<Null>,<Null>,<Null>,<Null>,<Null>
{822F5809-B26E-4D50-AEFF-7F57DAA9E390},2,SS,3,1,<Null>,1,7,<Null>,{224FD85B-6B64-4075-B51F-BA2D390AB4EF},1,<Null>,<Null>,<Null>,<Null>,<Null>,46,<Null>,<Null>,23.6,<Null>,<Null>,Point,37,<Null>,<Null>,<Null>,0,0,<Null>,5.5,4.8,new,<Null>,<Null>,1,<Null>,<Null>,<Null>,<Null>,<Null>,<Null>,<Null>,<Null>,<Null>,<Null>,<Null>,<Null>,<Null>,<Null>
{76C5B26A-D9E4-4B67-A7F2-8EEC32E3D521},1,SS,3,1,<Null>,1,<Null>,<Null>,{224FD85B-6B64-4075-B51F-BA2D390AB4EF},1,<Null>,<Null>,<Null>,<Null>,<Null>,47,<Null>,<Null>,<Null>,<Null>,<Null>,Point,28,<Null>,<Null>,<Null>,0,0,<Null>,<Null>,<Null>,new,<Null>,<Null>,1,<Null>,<Null>,<Null>,<Null>,<Null>,<Null>,<Null>,<Null>,<Null>,<Null>,<Null>,<Null>,<Null>,<Null>
{3F6E13A0-973D-4E02-A26F-AC79194C25F5},1,SS,3,1,<Null>,1,<Null>,<Null>,{224FD85B-6B64-4075-B51F-BA2D390AB4EF},1,<Null>,<Null>,<Null>,<Null>,<Null>,49,<Null>,<Null>,<Null>,<Null>,<Null>,Point,37,<Null>,<Null>,<Null>,0,0,<Null>,<Null>,<Null>,new,<Null>,<Null>,1,<Null>,<Null>,<Null>,<Null>,<Null>,<Null>,<Null>,<Null>,<Null>,<Null>,<Null>,<Null>,<Null>,<Null>
{4BF0C48B-C3F1-4C3E-9543-468F0EF302A3},4,SS,3,1,<Null>,1,5,<Null>,{224FD85B-6B64-4075-B51F-BA2D390AB4EF},1,<Null>,<Null>,<Null>,<Null>,<Null>,51,0,<Null>,22,<Null>,<Null>,Point,26,<Null>,<Null>,<Null>,0,0,<Null>,3.5,3.8,new,<Null>,<Null>,1,<Null>,<Null>,<Null>,<Null>,<Null>,<Null>,<Null>,<Null>,<Null>,<Null>,<Null>,<Null>,<Null>,<Null>
{9F42463C-ABCC-4842-B6C7-5E5BAA8E2A20},1,SS,1,0,1,1,<Null>,<Null>,{224FD85B-6B64-4075-B51F-BA2D390AB4EF},1,7,<Null>,<Null>,<Null>,<Null>,52,<Null>,<Null>,3,<Null>,<Null>,Point,7,<Null>,<Null>,<Null>,0,1,<Null>,<Null>,<Null>,new,<Null>,<Null>,1,<Null>,<Null>,<Null>,<Null>,<Null>,<Null>,<Null>,<Null>,<Null>,<Null>,<Null>,50,<Null>,<Null>
{D50E4603-D00B-43ED-A55A-BFEB8045CD5F},1,SS,1,0,1,1,<Null>,<Null>,{224FD85B-6B64-4075-B51F-BA2D390AB4EF},1,6,<Null>,<Null>,<Null>,<Null>,53,<Null>,<Null>,6,<Null>,<Null>,Point,12,<Null>,<Null>,<Null>,0,1,<Null>,<Null>,<Null>,new,<Null>,<Null>,1,<Null>,<Null>,<Null>,<Null>,<Null>,<Null>,<Null>,<Null>,<Null>,<Null>,<Null>,65,<Null>,<Null>
{5AF6C0ED-1A37-406D-B2A9-9F9C8BC8179C},1,SS,4,1,<Null>,1,<Null>,<Null>,{22E69595-D9BE-4BB1-8660-E2E7457E2068},1,<Null>,<Null>,<Null>,<Null>,<Null>,64,<Null>,<Null>,<Null>,<Null>,<Null>,Point,8,<Null>,<Null>,<Null>,0,0,<Null>,<Null>,<Null>,new,<Null>,<Null>,1,<Null>,<Null>,<Null>,<Null>,<Null>,<Null>,<Null>,<Null>,<Null>,<Null>,<Null>,<Null>,<Null>,<Null>
{F41B325B-BCAD-4CA6-AC6A-7247EDEC3B4E},1,SS,4,1,<Null>,1,<Null>,<Null>,{22E69595-D9BE-4BB1-8660-E2E7457E2068},1,<Null>,<Null>,<Null>,<Null>,<Null>,71,<Null>,<Null>,<Null>,<Null>,<Null>,Point,10,<Null>,<Null>,<Null>,0,0,<Null>,<Null>,<Null>,new,<Null>,<Null>,1,<Null>,<Null>,<Null>,<Null>,<Null>,<Null>,<Null>,<Null>,<Null>,<Null>,<Null>,<Null>,<Null>,<Null>
{4D0DC5B9-7E7C-48D2-94AE-004C7A9DBDC5},1,SS,4,1,<Null>,1,<Null>,<Null>,{22E69595-D9BE-4BB1-8660-E2E7457E2068},1,<Null>,<Null>,<Null>,<Null>,<Null>,74,<Null>,<Null>,<Null>,<Null>,<Null>,Point,22,<Null>,<Null>,<Null>,0,0,<Null>,<Null>,<Null>,new,<Null>,<Null>,1,<Null>,<Null>,<Null>,<Null>,<Null>,<Null>,<Null>,<Null>,<Null>,<Null>,<Null>,<Null>,<Null>,<Null>
{89AEDC4A-110F-459D-A2DC-628CF986D83A},1,SS,4,1,<Null>,1,<Null>,<Null>,{22E69595-D9BE-4BB1-8660-E2E7457E2068},1,<Null>,<Null>,<Null>,<Null>,<Null>,73,<Null>,<Null>,<Null>,<Null>,<Null>,Point,15,<Null>,<Null>,<Null>,0,0,<Null>,<Null>,<Null>,new,<Null>,<Null>,1,<Null>,<Null>,<Null>,<Null>,<Null>,<Null>,<Null>,<Null>,<Null>,<Null>,<Null>,<Null>,<Null>,<Null>
{D1C3C9BB-3C55-495A-B62A-FD976736ECF5},1,SS,4,1,<Null>,1,<Null>,<Null>,{22E69595-D9BE-4BB1-8660-E2E7457E2068},1,<Null>,<Null>,<Null>,<Null>,<Null>,72,<Null>,<Null>,<Null>,<Null>,<Null>,Point,9,<Null>,<Null>,<Null>,0,0,<Null>,<Null>,<Null>,new,<Null>,<Null>,1,<Null>,<Null>,<Null>,<Null>,<Null>,<Null>,<Null>,<Null>,<Null>,<Null>,<Null>,<Null>,<Null>,<Null>
{862AB45F-AA19-4FB5-B9E9-48FCA9139FCB},5,SS,4,1,<Null>,1,<Null>,<Null>,{22E69595-D9BE-4BB1-8660-E2E7457E2068},1,<Null>,<Null>,<Null>,<Null>,<Null>,75,0,<Null>,14.4,<Null>,<Null>,Point,12,<Null>,<Null>,<Null>,0,0,<Null>,2.2,2.3,new,<Null>,<Null>,1,<Null>,<Null>,<Null>,<Null>,<Null>,<Null>,<Null>,<Null>,<Null>,<Null>,<Null>,<Null>,<Null>,<Null>
{BBC2ECF1-2B41-470C-BD0E-95C368ABD506},1,SS,4,1,<Null>,1,<Null>,<Null>,{22E69595-D9BE-4BB1-8660-E2E7457E2068},1,<Null>,<Null>,<Null>,<Null>,<Null>,70,<Null>,<Null>,<Null>,<Null>,<Null>,Point,9,<Null>,<Null>,<Null>,0,0,<Null>,<Null>,<Null>,new,<Null>,<Null>,1,<Null>,<Null>,<Null>,<Null>,<Null>,<Null>,<Null>,<Null>,<Null>,<Null>,<Null>,<Null>,<Null>,<Null>
{E0E93A93-800E-4177-958D-9C1FF5DA051F},1,SS,4,1,<Null>,1,<Null>,<Null>,{22E69595-D9BE-4BB1-8660-E2E7457E2068},1,<Null>,<Null>,<Null>,<Null>,<Null>,69,<Null>,<Null>,<Null>,<Null>,<Null>,Point,19,<Null>,<Null>,<Null>,0,0,<Null>,<Null>,<Null>,new,<Null>,<Null>,1,<Null>,<Null>,<Null>,<Null>,<Null>,<Null>,<Null>,<Null>,<Null>,<Null>,<Null>,<Null>,<Null>,<Null>
{F96E3A62-00D6-4865-961D-8B37DD5B5AF4},1,SS,4,1,<Null>,1,<Null>,<Null>,{22E69595-D9BE-4BB1-8660-E2E7457E2068},1,<Null>,<Null>,<Null>,<Null>,<Null>,68,<Null>,<Null>,<Null>,<Null>,<Null>,Point,22,<Null>,<Null>,<Null>,0,0,<Null>,<Null>,<Null>,new,<Null>,<Null>,1,<Null>,<Null>,<Null>,<Null>,<Null>,<Null>,<Null>,<Null>,<Null>,<Null>,<Null>,<Null>,<Null>,<Null>
{12780820-4CDA-4DC6-AF62-3170C7213BC4},1,SS,4,1,<Null>,1,<Null>,<Null>,{22E69595-D9BE-4BB1-8660-E2E7457E2068},1,<Null>,<Null>,<Null>,<Null>,<Null>,67,<Null>,<Null>,<Null>,<Null>,<Null>,Point,20,<Null>,<Null>,<Null>,0,0,<Null>,<Null>,<Null>,new,<Null>,<Null>,1,<Null>,<Null>,<Null>,<Null>,<Null>,<Null>,<Null>,<Null>,<Null>,<Null>,<Null>,<Null>,<Null>,<Null>
{6FB65570-73A4-4CA1-9337-369674F0F778},1,SS,4,1,<Null>,1,<Null>,<Null>,{22E69595-D9BE-4BB1-8660-E2E7457E2068},1,<Null>,<Null>,<Null>,<Null>,<Null>,65,<Null>,<Null>,<Null>,<Null>,<Null>,Point,15,<Null>,<Null>,<Null>,0,0,<Null>,<Null>,<Null>,new,<Null>,<Null>,1,<Null>,<Null>,<Null>,<Null>,<Null>,<Null>,<Null>,<Null>,<Null>,<Null>,<Null>,<Null>,<Null>,<Null>
{3DF82C2D-AFD6-43A4-8F1C-7C95F7D6AB43},1,SS,4,1,<Null>,1,<Null>,<Null>,{22E69595-D9BE-4BB1-8660-E2E7457E2068},1,<Null>,<Null>,<Null>,<Null>,<Null>,78,<Null>,<Null>,<Null>,<Null>,<Null>,Point,16,<Null>,<Null>,<Null>,0,0,<Null>,<Null>,<Null>,new,<Null>,<Null>,1,<Null>,<Null>,<Null>,<Null>,<Null>,<Null>,<Null>,<Null>,<Null>,<Null>,<Null>,<Null>,<Null>,<Null>
{91715B42-35AA-44DA-860D-E295BE006127},1,SS,4,1,<Null>,1,<Null>,<Null>,{22E69595-D9BE-4BB1-8660-E2E7457E2068},1,<Null>,<Null>,<Null>,<Null>,<Null>,66,<Null>,<Null>,<Null>,<Null>,<Null>,Point,14,<Null>,<Null>,<Null>,0,0,<Null>,<Null>,<Null>,new,<Null>,<Null>,1,<Null>,<Null>,<Null>,<Null>,<Null>,<Null>,<Null>,<Null>,<Null>,<Null>,<Null>,<Null>,<Null>,<Null>
{0DD4B649-B451-4F1C-9448-0D130E3C18CF},1,SS,4,1,<Null>,1,<Null>,<Null>,{22E69595-D9BE-4BB1-8660-E2E7457E2068},1,<Null>,<Null>,<Null>,<Null>,<Null>,96,<Null>,<Null>,<Null>,<Null>,<Null>,Point,8,<Null>,<Null>,<Null>,0,0,<Null>,<Null>,<Null>,new,<Null>,<Null>,1,<Null>,<Null>,<Null>,<Null>,<Null>,<Null>,<Null>,<Null>,<Null>,<Null>,<Null>,<Null>,<Null>,<Null>
{252CEB36-E612-4536-A71F-BA440D215245},1,SS,4,1,<Null>,1,<Null>,<Null>,{22E69595-D9BE-4BB1-8660-E2E7457E2068},1,<Null>,<Null>,<Null>,<Null>,<Null>,76,<Null>,<Null>,<Null>,<Null>,<Null>,Point,15,<Null>,<Null>,<Null>,0,0,<Null>,<Null>,<Null>,new,<Null>,<Null>,1,<Null>,<Null>,<Null>,<Null>,<Null>,<Null>,<Null>,<Null>,<Null>,<Null>,<Null>,<Null>,<Null>,<Null>
{21D2232F-711C-4F14-9EA9-025891F3148F},1,SS,4,1,<Null>,1,<Null>,<Null>,{22E69595-D9BE-4BB1-8660-E2E7457E2068},1,<Null>,<Null>,<Null>,<Null>,<Null>,77,<Null>,<Null>,<Null>,<Null>,<Null>,Point,17,<Null>,<Null>,<Null>,0,0,<Null>,<Null>,<Null>,new,<Null>,<Null>,1,<Null>,<Null>,<Null>,<Null>,<Null>,<Null>,<Null>,<Null>,<Null>,<Null>,<Null>,<Null>,<Null>,<Null>
{69625E96-617C-4516-82BE-C0FCA489E67C},1,SS,4,1,<Null>,1,<Null>,<Null>,{22E69595-D9BE-4BB1-8660-E2E7457E2068},1,<Null>,<Null>,<Null>,<Null>,<Null>,104,<Null>,<Null>,<Null>,<Null>,<Null>,Point,20,<Null>,<Null>,<Null>,0,0,<Null>,<Null>,<Null>,new,<Null>,<Null>,1,<Null>,<Null>,<Null>,<Null>,<Null>,<Null>,<Null>,<Null>,<Null>,<Null>,<Null>,<Null>,<Null>,<Null>
{30809BC6-A0B1-44C5-AEF7-BD30D6907E5A},<Null>,<Null>,<Null>,<Null>,<Null>,<Null>,<Null>,<Null>,{22E69595-D9BE-4BB1-8660-E2E7457E2068},2,<Null>,9,0,<Null>,<Null>,103,<Null>,25,<Null>,<Null>,<Null>,Point,<Null>,5,5,1,<Null>,<Null>,<Null>,<Null>,<Null>,new,<Null>,<Null>,1,1,<Null>,<Null>,<Null>,<Null>,<Null>,<Null>,<Null>,2,<Null>,<Null>,<Null>,<Null>,<Null>
{11F29BAB-95D2-479D-9A05-5EA811CE3DD6},<Null>,<Null>,<Null>,<Null>,<Null>,<Null>,<Null>,<Null>,{22E69595-D9BE-4BB1-8660-E2E7457E2068},2,<Null>,9,0,<Null>,<Null>,102,<Null>,16,<Null>,<Null>,<Null>,Point,<Null>,5,5,1,<Null>,<Null>,<Null>,<Null>,<Null>,new,<Null>,<Null>,1,1,<Null>,<Null>,<Null>,<Null>,<Null>,<Null>,<Null>,2,<Null>,<Null>,<Null>,<Null>,<Null>
{886FA452-1407-4F88-B2B2-CDA1D48F1F78},1,SS,4,1,<Null>,1,<Null>,<Null>,{22E69595-D9BE-4BB1-8660-E2E7457E2068},1,<Null>,<Null>,<Null>,<Null>,<Null>,101,<Null>,<Null>,<Null>,<Null>,<Null>,Point,17,<Null>,<Null>,<Null>,0,0,<Null>,<Null>,<Null>,new,<Null>,<Null>,1,<Null>,<Null>,<Null>,<Null>,<Null>,<Null>,<Null>,<Null>,<Null>,<Null>,<Null>,<Null>,<Null>,<Null>
{891D3A83-F12B-47E7-BCD5-3833755BEE9A},1,SS,4,1,<Null>,1,<Null>,<Null>,{22E69595-D9BE-4BB1-8660-E2E7457E2068},1,<Null>,<Null>,<Null>,<Null>,<Null>,100,<Null>,<Null>,<Null>,<Null>,<Null>,Point,11,<Null>,<Null>,<Null>,0,0,<Null>,<Null>,<Null>,new,<Null>,<Null>,1,<Null>,<Null>,<Null>,<Null>,<Null>,<Null>,<Null>,<Null>,<Null>,<Null>,<Null>,<Null>,<Null>,<Null>
{BC4F1DBE-2E01-458D-8CB9-EC6BCA1D206C},1,SS,4,1,<Null>,1,<Null>,<Null>,{22E69595-D9BE-4BB1-8660-E2E7457E2068},1,<Null>,<Null>,<Null>,<Null>,<Null>,99,<Null>,<Null>,<Null>,<Null>,<Null>,Point,18,<Null>,<Null>,<Null>,0,0,<Null>,<Null>,<Null>,new,<Null>,<Null>,1,<Null>,<Null>,<Null>,<Null>,<Null>,<Null>,<Null>,<Null>,<Null>,<Null>,<Null>,<Null>,<Null>,<Null>
{1E89180B-8A95-4F37-BC54-5B119D4EE64F},1,SS,4,1,<Null>,1,<Null>,<Null>,{22E69595-D9BE-4BB1-8660-E2E7457E2068},1,<Null>,<Null>,<Null>,<Null>,<Null>,97,<Null>,<Null>,<Null>,<Null>,<Null>,Point,20,<Null>,<Null>,<Null>,0,0,<Null>,<Null>,<Null>,new,<Null>,<Null>,1,<Null>,<Null>,<Null>,<Null>,<Null>,<Null>,<Null>,<Null>,<Null>,<Null>,<Null>,<Null>,<Null>,<Null>
{573C2A10-15AA-4892-B995-A517F9279209},1,SS,4,1,<Null>,1,<Null>,<Null>,{22E69595-D9BE-4BB1-8660-E2E7457E2068},1,<Null>,<Null>,<Null>,<Null>,<Null>,95,<Null>,<Null>,<Null>,<Null>,<Null>,Point,13,<Null>,<Null>,<Null>,0,0,<Null>,<Null>,<Null>,new,<Null>,<Null>,1,<Null>,<Null>,<Null>,<Null>,<Null>,<Null>,<Null>,<Null>,<Null>,<Null>,<Null>,<Null>,<Null>,<Null>
{D2A75671-EC69-4966-B8F3-EBAE16B87684},1,SS,4,1,<Null>,1,<Null>,<Null>,{22E69595-D9BE-4BB1-8660-E2E7457E2068},1,<Null>,<Null>,<Null>,<Null>,<Null>,94,<Null>,<Null>,<Null>,<Null>,<Null>,Point,10,<Null>,<Null>,<Null>,0,0,<Null>,<Null>,<Null>,new,<Null>,<Null>,1,<Null>,<Null>,<Null>,<Null>,<Null>,<Null>,<Null>,<Null>,<Null>,<Null>,<Null>,<Null>,<Null>,<Null>
{21155433-ED98-4DB7-A440-4F42D726815A},1,SS,4,1,<Null>,1,<Null>,<Null>,{22E69595-D9BE-4BB1-8660-E2E7457E2068},1,<Null>,<Null>,<Null>,<Null>,<Null>,93,<Null>,<Null>,<Null>,<Null>,<Null>,Point,20,<Null>,<Null>,<Null>,0,0,<Null>,<Null>,<Null>,new,<Null>,<Null>,1,<Null>,<Null>,<Null>,<Null>,<Null>,<Null>,<Null>,<Null>,<Null>,<Null>,<Null>,<Null>,<Null>,<Null>
{1BE1C692-D761-4467-8BF4-1DEB47F883BD},1,SS,4,1,<Null>,1,<Null>,<Null>,{22E69595-D9BE-4BB1-8660-E2E7457E2068},1,<Null>,<Null>,<Null>,<Null>,<Null>,92,<Null>,<Null>,<Null>,<Null>,<Null>,Point,9,<Null>,<Null>,<Null>,0,0,<Null>,<Null>,<Null>,new,<Null>,<Null>,1,<Null>,<Null>,<Null>,<Null>,<Null>,<Null>,<Null>,<Null>,<Null>,<Null>,<Null>,<Null>,<Null>,<Null>
{3EF8D000-B82A-4D7C-9687-2AE52EB196DF},2,SS,4,1,<Null>,1,3,<Null>,{22E69595-D9BE-4BB1-8660-E2E7457E2068},1,<Null>,<Null>,<Null>,<Null>,<Null>,81,<Null>,<Null>,16.3,<Null>,<Null>,Point,25,<Null>,<Null>,<Null>,0,0,<Null>,5.5,6,new,<Null>,<Null>,1,<Null>,<Null>,<Null>,<Null>,<Null>,<Null>,<Null>,<Null>,<Null>,<Null>,<Null>,<Null>,<Null>,<Null>
{B7BE8D63-6EBD-4196-8E90-7C7EB16690AF},4,SS,4,1,<Null>,1,<Null>,<Null>,{22E69595-D9BE-4BB1-8660-E2E7457E2068},1,<Null>,<Null>,<Null>,<Null>,<Null>,79,0,<Null>,13.4,<Null>,<Null>,Point,10,<Null>,<Null>,<Null>,0,0,<Null>,1.8,1.9,new,<Null>,<Null>,1,<Null>,<Null>,<Null>,<Null>,<Null>,<Null>,<Null>,<Null>,<Null>,<Null>,<Null>,<Null>,<Null>,<Null>
{DEACFFF6-990B-4BE4-84CD-8FF06BD3296A},1,SS,4,1,<Null>,1,<Null>,<Null>,{22E69595-D9BE-4BB1-8660-E2E7457E2068},1,<Null>,<Null>,<Null>,<Null>,<Null>,98,<Null>,<Null>,<Null>,<Null>,<Null>,Point,18,<Null>,<Null>,<Null>,0,0,<Null>,<Null>,<Null>,new,<Null>,<Null>,1,<Null>,<Null>,<Null>,<Null>,<Null>,<Null>,<Null>,<Null>,<Null>,<Null>,<Null>,<Null>,<Null>,<Null>
{A6F06721-5269-4272-A110-3C74361DD91E},1,SS,4,1,<Null>,1,<Null>,<Null>,{22E69595-D9BE-4BB1-8660-E2E7457E2068},1,<Null>,<Null>,<Null>,<Null>,<Null>,80,<Null>,<Null>,<Null>,<Null>,<Null>,Point,13,<Null>,<Null>,<Null>,0,0,<Null>,<Null>,<Null>,new,<Null>,<Null>,1,<Null>,<Null>,<Null>,<Null>,<Null>,<Null>,<Null>,<Null>,<Null>,<Null>,<Null>,<Null>,<Null>,<Null>
{5B52B984-6A27-4E2D-940B-FB72873BA745},1,SS,4,1,<Null>,1,<Null>,<Null>,{22E69595-D9BE-4BB1-8660-E2E7457E2068},1,<Null>,<Null>,<Null>,<Null>,<Null>,91,<Null>,<Null>,<Null>,<Null>,<Null>,Point,14,<Null>,<Null>,<Null>,0,0,<Null>,<Null>,<Null>,new,<Null>,<Null>,1,<Null>,<Null>,<Null>,<Null>,<Null>,<Null>,<Null>,<Null>,<Null>,<Null>,<Null>,<Null>,<Null>,<Null>
{503C74C6-2157-4758-A0D1-0C868731067E},1,SS,4,1,<Null>,1,<Null>,<Null>,{22E69595-D9BE-4BB1-8660-E2E7457E2068},1,<Null>,<Null>,<Null>,<Null>,<Null>,82,<Null>,<Null>,<Null>,<Null>,<Null>,Point,10,<Null>,<Null>,<Null>,0,0,<Null>,<Null>,<Null>,new,<Null>,<Null>,1,<Null>,<Null>,<Null>,<Null>,<Null>,<Null>,<Null>,<Null>,<Null>,<Null>,<Null>,<Null>,<Null>,<Null>
{B0E67AC1-246A-4278-B2B8-2C8FD30BA0E2},1,SS,4,1,<Null>,1,<Null>,<Null>,{22E69595-D9BE-4BB1-8660-E2E7457E2068},1,<Null>,<Null>,<Null>,<Null>,<Null>,83,<Null>,<Null>,<Null>,<Null>,<Null>,Point,12,<Null>,<Null>,<Null>,0,0,<Null>,<Null>,<Null>,new,<Null>,<Null>,1,<Null>,<Null>,<Null>,<Null>,<Null>,<Null>,<Null>,<Null>,<Null>,<Null>,<Null>,<Null>,<Null>,<Null>
{33811895-6959-4451-84FA-CD9BB8C60BE2},1,SS,4,1,<Null>,1,<Null>,<Null>,{22E69595-D9BE-4BB1-8660-E2E7457E2068},1,<Null>,<Null>,<Null>,<Null>,<Null>,84,<Null>,<Null>,<Null>,<Null>,<Null>,Point,11,<Null>,<Null>,<Null>,0,0,<Null>,<Null>,<Null>,new,<Null>,<Null>,1,<Null>,<Null>,<Null>,<Null>,<Null>,<Null>,<Null>,<Null>,<Null>,<Null>,<Null>,<Null>,<Null>,<Null>
{FDE55E4F-5D74-411D-9BE9-0601F0676F74},1,SS,4,1,<Null>,1,<Null>,<Null>,{22E69595-D9BE-4BB1-8660-E2E7457E2068},1,<Null>,<Null>,<Null>,<Null>,<Null>,86,<Null>,<Null>,<Null>,<Null>,<Null>,Point,22,<Null>,<Null>,<Null>,0,0,<Null>,<Null>,<Null>,new,<Null>,<Null>,1,<Null>,<Null>,<Null>,<Null>,<Null>,<Null>,<Null>,<Null>,<Null>,<Null>,<Null>,<Null>,<Null>,<Null>
{C65103C9-23AE-4606-9472-96E821B3F60F},1,SS,4,1,<Null>,1,<Null>,<Null>,{22E69595-D9BE-4BB1-8660-E2E7457E2068},1,<Null>,<Null>,<Null>,<Null>,<Null>,87,<Null>,<Null>,<Null>,<Null>,<Null>,Point,25,<Null>,<Null>,<Null>,0,0,<Null>,<Null>,<Null>,new,<Null>,<Null>,1,<Null>,<Null>,<Null>,<Null>,<Null>,<Null>,<Null>,<Null>,<Null>,<Null>,<Null>,<Null>,<Null>,<Null>
{BCE27028-66C0-4FAA-AA14-217DEFAA4B35},1,SS,4,1,<Null>,1,<Null>,<Null>,{22E69595-D9BE-4BB1-8660-E2E7457E2068},1,<Null>,<Null>,<Null>,<Null>,<Null>,88,<Null>,<Null>,<Null>,<Null>,<Null>,Point,7,<Null>,<Null>,<Null>,0,0,<Null>,<Null>,<Null>,new,<Null>,<Null>,1,<Null>,<Null>,<Null>,<Null>,<Null>,<Null>,<Null>,<Null>,<Null>,<Null>,<Null>,<Null>,<Null>,<Null>
{9C887E14-E6AD-4329-B6F8-431082B0E4F8},1,SS,4,1,<Null>,1,<Null>,<Null>,{22E69595-D9BE-4BB1-8660-E2E7457E2068},1,<Null>,<Null>,<Null>,<Null>,<Null>,89,<Null>,<Null>,<Null>,<Null>,<Null>,Point,16,<Null>,<Null>,<Null>,0,0,<Null>,<Null>,<Null>,new,<Null>,<Null>,1,<Null>,<Null>,<Null>,<Null>,<Null>,<Null>,<Null>,<Null>,<Null>,<Null>,<Null>,<Null>,<Null>,<Null>
{59AB099C-F2F6-4817-AA82-1F0CBEC179DA},1,SS,4,1,<Null>,1,<Null>,<Null>,{22E69595-D9BE-4BB1-8660-E2E7457E2068},1,<Null>,<Null>,<Null>,<Null>,<Null>,90,<Null>,<Null>,<Null>,<Null>,<Null>,Point,13,<Null>,<Null>,<Null>,0,0,<Null>,<Null>,<Null>,new,<Null>,<Null>,1,<Null>,<Null>,<Null>,<Null>,<Null>,<Null>,<Null>,<Null>,<Null>,<Null>,<Null>,<Null>,<Null>,<Null>
{06A58824-054B-444F-9C53-BE1D21B6E062},1,SS,4,1,<Null>,1,<Null>,<Null>,{22E69595-D9BE-4BB1-8660-E2E7457E2068},1,<Null>,<Null>,<Null>,<Null>,<Null>,85,<Null>,<Null>,<Null>,<Null>,<Null>,Point,22,<Null>,<Null>,<Null>,0,0,<Null>,<Null>,<Null>,new,<Null>,<Null>,1,<Null>,<Null>,<Null>,<Null>,<Null>,<Null>,<Null>,<Null>,<Null>,<Null>,<Null>,<Null>,<Null>,<Null>
{F54A25F0-044F-4E06-B83C-E92D90C4EF1D},1,SS,4,1,<Null>,1,<Null>,<Null>,{89B25687-EDA0-4704-B00D-93EDDA162779},1,<Null>,<Null>,<Null>,<Null>,<Null>,127,<Null>,<Null>,<Null>,<Null>,<Null>,Point,16,<Null>,<Null>,<Null>,0,0,<Null>,<Null>,<Null>,new,<Null>,<Null>,1,<Null>,<Null>,<Null>,<Null>,<Null>,<Null>,<Null>,<Null>,<Null>,<Null>,<Null>,<Null>,<Null>,<Null>
{661EE060-CEC0-48ED-83C5-0CBBFDB1F7E6},<Null>,<Null>,<Null>,<Null>,<Null>,<Null>,<Null>,<Null>,{89B25687-EDA0-4704-B00D-93EDDA162779},2,<Null>,9,0,<Null>,<Null>,130,<Null>,23,<Null>,<Null>,<Null>,Point,<Null>,4,4,1,<Null>,<Null>,<Null>,<Null>,<Null>,new,<Null>,<Null>,1,3,<Null>,<Null>,<Null>,<Null>,<Null>,<Null>,<Null>,2,<Null>,<Null>,<Null>,<Null>,<Null>
{B0B573D3-2247-44EA-B880-3722654FBAE5},1,SS,4,1,<Null>,1,<Null>,<Null>,{89B25687-EDA0-4704-B00D-93EDDA162779},1,<Null>,<Null>,<Null>,<Null>,<Null>,120,<Null>,<Null>,<Null>,<Null>,<Null>,Point,21,<Null>,<Null>,<Null>,0,0,<Null>,<Null>,<Null>,new,<Null>,<Null>,1,<Null>,<Null>,<Null>,<Null>,<Null>,<Null>,<Null>,<Null>,<Null>,<Null>,<Null>,<Null>,<Null>,<Null>
{CDB791A4-A86C-4456-9CE0-13B368E9634A},1,SS,4,1,<Null>,1,<Null>,<Null>,{89B25687-EDA0-4704-B00D-93EDDA162779},1,<Null>,<Null>,<Null>,<Null>,<Null>,121,<Null>,<Null>,<Null>,<Null>,<Null>,Point,19,<Null>,<Null>,<Null>,0,0,<Null>,<Null>,<Null>,new,<Null>,<Null>,1,<Null>,<Null>,<Null>,<Null>,<Null>,<Null>,<Null>,<Null>,<Null>,<Null>,<Null>,<Null>,<Null>,<Null>
{C0544DD5-A158-4683-A1C7-86D09F59A268},1,SS,4,1,<Null>,1,<Null>,<Null>,{89B25687-EDA0-4704-B00D-93EDDA162779},1,<Null>,<Null>,<Null>,<Null>,<Null>,122,<Null>,<Null>,<Null>,<Null>,<Null>,Point,16,<Null>,<Null>,<Null>,0,0,<Null>,<Null>,<Null>,new,<Null>,<Null>,1,<Null>,<Null>,<Null>,<Null>,<Null>,<Null>,<Null>,<Null>,<Null>,<Null>,<Null>,<Null>,<Null>,<Null>
{171B3978-4EDB-4B1E-8A9D-5831CAE1CD95},1,SS,4,1,<Null>,1,<Null>,<Null>,{89B25687-EDA0-4704-B00D-93EDDA162779},1,<Null>,<Null>,<Null>,<Null>,<Null>,123,<Null>,<Null>,<Null>,<Null>,<Null>,Point,16,<Null>,<Null>,<Null>,0,0,<Null>,<Null>,<Null>,new,<Null>,<Null>,1,<Null>,<Null>,<Null>,<Null>,<Null>,<Null>,<Null>,<Null>,<Null>,<Null>,<Null>,<Null>,<Null>,<Null>
{48CE7468-B35D-4115-A21C-E7D0C3ADA10B},1,SS,4,1,<Null>,1,<Null>,<Null>,{89B25687-EDA0-4704-B00D-93EDDA162779},1,<Null>,<Null>,<Null>,<Null>,<Null>,124,<Null>,<Null>,<Null>,<Null>,<Null>,Point,18,<Null>,<Null>,<Null>,0,0,<Null>,<Null>,<Null>,new,<Null>,<Null>,1,<Null>,<Null>,<Null>,<Null>,<Null>,<Null>,<Null>,<Null>,<Null>,<Null>,<Null>,<Null>,<Null>,<Null>
{4632322F-7620-4BB5-9614-5181E261708D},<Null>,<Null>,<Null>,<Null>,<Null>,<Null>,<Null>,<Null>,{89B25687-EDA0-4704-B00D-93EDDA162779},2,<Null>,9,0,<Null>,<Null>,129,<Null>,15,<Null>,<Null>,<Null>,Point,<Null>,5,5,1,<Null>,<Null>,<Null>,<Null>,<Null>,new,<Null>,<Null>,1,1,<Null>,<Null>,<Null>,<Null>,<Null>,<Null>,<Null>,2,<Null>,<Null>,<Null>,<Null>,<Null>
{62D448FD-C39B-49F9-B898-AB1C13DD88FC},1,SS,4,1,<Null>,1,<Null>,<Null>,{89B25687-EDA0-4704-B00D-93EDDA162779},1,<Null>,<Null>,<Null>,<Null>,<Null>,126,<Null>,<Null>,<Null>,<Null>,<Null>,Point,18,<Null>,<Null>,<Null>,0,0,<Null>,<Null>,<Null>,new,<Null>,<Null>,1,<Null>,<Null>,<Null>,<Null>,<Null>,<Null>,<Null>,<Null>,<Null>,<Null>,<Null>,<Null>,<Null>,<Null>
{CFCEB033-EA9C-4DA6-8F94-6F98967F3E95},1,SS,4,1,<Null>,1,<Null>,<Null>,{89B25687-EDA0-4704-B00D-93EDDA162779},1,<Null>,<Null>,<Null>,<Null>,<Null>,128,<Null>,<Null>,<Null>,<Null>,<Null>,Point,25,<Null>,<Null>,<Null>,0,0,<Null>,<Null>,<Null>,new,<Null>,<Null>,1,<Null>,<Null>,<Null>,<Null>,<Null>,<Null>,<Null>,<Null>,<Null>,<Null>,<Null>,<Null>,<Null>,<Null>
{65F896B8-7AC1-4A46-B746-29239AF43E3E},1,SS,4,1,<Null>,1,<Null>,<Null>,{89B25687-EDA0-4704-B00D-93EDDA162779},1,<Null>,<Null>,<Null>,<Null>,<Null>,114,<Null>,<Null>,<Null>,<Null>,<Null>,Point,18,<Null>,<Null>,<Null>,0,0,<Null>,<Null>,<Null>,new,<Null>,<Null>,1,<Null>,<Null>,<Null>,<Null>,<Null>,<Null>,<Null>,<Null>,<Null>,<Null>,<Null>,<Null>,<Null>,<Null>
{89370F5E-0C93-47A8-B975-3F85543D8211},1,SS,4,1,<Null>,1,<Null>,<Null>,{89B25687-EDA0-4704-B00D-93EDDA162779},1,<Null>,<Null>,<Null>,<Null>,<Null>,119,<Null>,<Null>,<Null>,<Null>,<Null>,Point,10,<Null>,<Null>,<Null>,0,0,<Null>,<Null>,<Null>,new,<Null>,<Null>,1,<Null>,<Null>,<Null>,<Null>,<Null>,<Null>,<Null>,<Null>,<Null>,<Null>,<Null>,<Null>,<Null>,<Null>
{27FD209C-8C0D-4A4E-B102-20CA65047F6D},1,SS,4,1,<Null>,1,<Null>,<Null>,{89B25687-EDA0-4704-B00D-93EDDA162779},1,<Null>,<Null>,<Null>,<Null>,<Null>,125,<Null>,<Null>,<Null>,<Null>,<Null>,Point,8,<Null>,<Null>,<Null>,0,0,<Null>,<Null>,<Null>,new,<Null>,<Null>,1,<Null>,<Null>,<Null>,<Null>,<Null>,<Null>,<Null>,<Null>,<Null>,<Null>,<Null>,<Null>,<Null>,<Null>
{BAF9A36C-634F-4CD3-AD66-9FC77DAA927D},1,SS,4,1,<Null>,1,<Null>,<Null>,{89B25687-EDA0-4704-B00D-93EDDA162779},1,<Null>,<Null>,<Null>,<Null>,<Null>,109,<Null>,<Null>,<Null>,<Null>,<Null>,Point,21,<Null>,<Null>,<Null>,0,0,<Null>,<Null>,<Null>,new,<Null>,<Null>,1,<Null>,<Null>,<Null>,<Null>,<Null>,<Null>,<Null>,<Null>,<Null>,<Null>,<Null>,<Null>,<Null>,<Null>
{FAF714A3-557B-4C1F-A132-62E4D14EDF4B},1,SS,4,1,<Null>,1,<Null>,<Null>,{89B25687-EDA0-4704-B00D-93EDDA162779},1,<Null>,<Null>,<Null>,<Null>,<Null>,116,<Null>,<Null>,<Null>,<Null>,<Null>,Point,21,<Null>,<Null>,<Null>,0,0,<Null>,<Null>,<Null>,new,<Null>,<Null>,1,<Null>,<Null>,<Null>,<Null>,<Null>,<Null>,<Null>,<Null>,<Null>,<Null>,<Null>,<Null>,<Null>,<Null>
{FE48FCC3-0893-41AB-A677-CCD012B18BF1},1,SS,4,1,<Null>,1,<Null>,<Null>,{89B25687-EDA0-4704-B00D-93EDDA162779},1,<Null>,<Null>,<Null>,<Null>,<Null>,106,<Null>,<Null>,<Null>,<Null>,<Null>,Point,10,<Null>,<Null>,<Null>,0,0,<Null>,<Null>,<Null>,new,<Null>,<Null>,1,<Null>,<Null>,<Null>,<Null>,<Null>,<Null>,<Null>,<Null>,<Null>,<Null>,<Null>,<Null>,<Null>,<Null>
{83F220B7-6426-4068-A316-1FD1EAA8103F},1,SS,4,1,<Null>,1,<Null>,<Null>,{89B25687-EDA0-4704-B00D-93EDDA162779},1,<Null>,<Null>,<Null>,<Null>,<Null>,118,<Null>,<Null>,<Null>,<Null>,<Null>,Point,11,<Null>,<Null>,<Null>,0,0,<Null>,<Null>,<Null>,new,<Null>,<Null>,1,<Null>,<Null>,<Null>,<Null>,<Null>,<Null>,<Null>,<Null>,<Null>,<Null>,<Null>,<Null>,<Null>,<Null>
{17723420-9BE8-424C-9F98-ED6BF4785FDF},1,SS,4,1,<Null>,1,<Null>,<Null>,{89B25687-EDA0-4704-B00D-93EDDA162779},1,<Null>,<Null>,<Null>,<Null>,<Null>,108,<Null>,<Null>,<Null>,<Null>,<Null>,Point,22,<Null>,<Null>,<Null>,0,0,<Null>,<Null>,<Null>,new,<Null>,<Null>,1,<Null>,<Null>,<Null>,<Null>,<Null>,<Null>,<Null>,<Null>,<Null>,<Null>,<Null>,<Null>,<Null>,<Null>
{98FA48E5-9979-4F23-B61A-D3D22A5F73EF},1,SS,4,1,<Null>,1,<Null>,<Null>,{89B25687-EDA0-4704-B00D-93EDDA162779},1,<Null>,<Null>,<Null>,<Null>,<Null>,105,<Null>,<Null>,<Null>,<Null>,<Null>,Point,26,<Null>,<Null>,<Null>,0,0,<Null>,<Null>,<Null>,new,<Null>,<Null>,1,<Null>,<Null>,<Null>,<Null>,<Null>,<Null>,<Null>,<Null>,<Null>,<Null>,<Null>,<Null>,<Null>,<Null>
{E86604BC-0C7C-4D02-83D4-3D1AAADA9771},2,SS,4,1,<Null>,1,4,<Null>,{89B25687-EDA0-4704-B00D-93EDDA162779},1,<Null>,<Null>,<Null>,<Null>,<Null>,110,<Null>,<Null>,18.6,<Null>,<Null>,Point,31,<Null>,<Null>,<Null>,0,0,<Null>,4.3,4.3,new,<Null>,<Null>,1,<Null>,<Null>,<Null>,<Null>,<Null>,<Null>,<Null>,<Null>,<Null>,<Null>,<Null>,<Null>,<Null>,<Null>
{93C7234C-DC0D-47D0-97EF-87B9B4A6FAAA},4,SS,4,1,<Null>,1,<Null>,<Null>,{89B25687-EDA0-4704-B00D-93EDDA162779},1,<Null>,<Null>,<Null>,<Null>,<Null>,111,0,<Null>,12.7,<Null>,<Null>,Point,12,<Null>,<Null>,<Null>,0,0,<Null>,1.6,1.8,new,<Null>,<Null>,1,<Null>,<Null>,<Null>,<Null>,<Null>,<Null>,<Null>,<Null>,<Null>,<Null>,<Null>,<Null>,<Null>,<Null>
{1D88CACA-4B77-4575-AAD7-3245A3E02CC1},1,SS,4,1,<Null>,1,<Null>,<Null>,{89B25687-EDA0-4704-B00D-93EDDA162779},1,<Null>,<Null>,<Null>,<Null>,<Null>,112,<Null>,<Null>,<Null>,<Null>,<Null>,Point,15,<Null>,<Null>,<Null>,0,0,<Null>,<Null>,<Null>,new,<Null>,<Null>,1,<Null>,<Null>,<Null>,<Null>,<Null>,<Null>,<Null>,<Null>,<Null>,<Null>,<Null>,<Null>,<Null>,<Null>
{24B7EBB7-194F-46F3-A7DA-A3B8333156C0},5,SS,4,1,<Null>,1,2,<Null>,{89B25687-EDA0-4704-B00D-93EDDA162779},1,<Null>,<Null>,<Null>,<Null>,<Null>,113,0,<Null>,16.4,<Null>,<Null>,Point,20,<Null>,<Null>,<Null>,0,0,<Null>,2.3,2.5,new,<Null>,<Null>,1,<Null>,<Null>,<Null>,<Null>,<Null>,<Null>,<Null>,<Null>,<Null>,<Null>,<Null>,<Null>,<Null>,<Null>
{D0662418-CED8-4531-A699-4A94C326E782},1,SS,4,1,<Null>,1,<Null>,<Null>,{89B25687-EDA0-4704-B00D-93EDDA162779},1,<Null>,<Null>,<Null>,<Null>,<Null>,115,<Null>,<Null>,<Null>,<Null>,<Null>,Point,18,<Null>,<Null>,<Null>,0,0,<Null>,<Null>,<Null>,new,<Null>,<Null>,1,<Null>,<Null>,<Null>,<Null>,<Null>,<Null>,<Null>,<Null>,<Null>,<Null>,<Null>,<Null>,<Null>,<Null>
{9CEC5231-842E-46B1-8089-0D4212527760},1,SS,4,1,<Null>,1,<Null>,<Null>,{89B25687-EDA0-4704-B00D-93EDDA162779},1,<Null>,<Null>,<Null>,<Null>,<Null>,117,<Null>,<Null>,<Null>,<Null>,<Null>,Point,16,<Null>,<Null>,<Null>,0,0,<Null>,<Null>,<Null>,new,<Null>,<Null>,1,<Null>,<Null>,<Null>,<Null>,<Null>,<Null>,<Null>,<Null>,<Null>,<Null>,<Null>,<Null>,<Null>,<Null>
{5061CFEB-C84E-4F24-B5AD-67E3F5B1B633},1,SS,4,1,<Null>,1,<Null>,<Null>,{89B25687-EDA0-4704-B00D-93EDDA162779},1,<Null>,<Null>,<Null>,<Null>,<Null>,107,<Null>,<Null>,<Null>,<Null>,<Null>,Point,25,<Null>,<Null>,<Null>,0,0,<Null>,<Null>,<Null>,new,<Null>,<Null>,1,<Null>,<Null>,<Null>,<Null>,<Null>,<Null>,<Null>,<Null>,<Null>,<Null>,<Null>,<Null>,<Null>,<Null>
{504E252A-9C6F-475C-A9CF-0580D0655DC8},1,SS,1,0,1,1,<Null>,<Null>,{B4980FC2-4DA9-4897-93E2-07D03233D2F4},1,6,<Null>,<Null>,<Null>,<Null>,144,<Null>,<Null>,5,<Null>,<Null>,Point,9,<Null>,<Null>,<Null>,0,0,<Null>,<Null>,<Null>,new,<Null>,<Null>,1,<Null>,<Null>,<Null>,<Null>,<Null>,<Null>,<Null>,<Null>,<Null>,<Null>,<Null>,<Null>,<Null>,<Null>
{E57B4DFC-224C-4D98-8524-4C0B81F95B2F},1,SS,1,0,1,1,<Null>,<Null>,{B4980FC2-4DA9-4897-93E2-07D03233D2F4},1,6,<Null>,<Null>,<Null>,<Null>,145,<Null>,<Null>,6,<Null>,<Null>,Point,9,<Null>,<Null>,<Null>,0,0,<Null>,<Null>,<Null>,new,<Null>,<Null>,1,<Null>,<Null>,<Null>,<Null>,<Null>,<Null>,<Null>,<Null>,<Null>,<Null>,<Null>,<Null>,<Null>,<Null>
{5AF7D524-3670-4C90-98AD-8B6CBF346887},1,SS,1,0,1,1,<Null>,<Null>,{B4980FC2-4DA9-4897-93E2-07D03233D2F4},1,6,<Null>,<Null>,<Null>,<Null>,146,<Null>,<Null>,7,<Null>,<Null>,Point,10,<Null>,<Null>,<Null>,0,0,<Null>,<Null>,<Null>,new,<Null>,<Null>,1,<Null>,<Null>,<Null>,<Null>,<Null>,<Null>,<Null>,<Null>,<Null>,<Null>,<Null>,<Null>,<Null>,<Null>
{8129D01B-E816-4194-ABBC-19DA966056CA},1,SS,1,0,1,1,<Null>,<Null>,{B4980FC2-4DA9-4897-93E2-07D03233D2F4},1,6,<Null>,<Null>,<Null>,<Null>,147,<Null>,<Null>,6,<Null>,<Null>,Point,8,<Null>,<Null>,<Null>,0,0,<Null>,<Null>,<Null>,new,<Null>,<Null>,1,<Null>,<Null>,<Null>,<Null>,<Null>,<Null>,<Null>,<Null>,<Null>,<Null>,<Null>,<Null>,<Null>,<Null>
{D1D148E9-6FC8-4823-BCED-84734EB773E0},1,SS,1,0,1,1,<Null>,<Null>,{B4980FC2-4DA9-4897-93E2-07D03233D2F4},1,5,<Null>,<Null>,<Null>,<Null>,148,<Null>,<Null>,10,<Null>,<Null>,Point,14,<Null>,<Null>,<Null>,0,0,<Null>,<Null>,<Null>,new,<Null>,<Null>,1,<Null>,<Null>,<Null>,<Null>,<Null>,<Null>,<Null>,<Null>,<Null>,<Null>,<Null>,<Null>,<Null>,<Null>
{DA4D59E8-242A-4A7D-A641-4079DC7D05AF},1,SS,1,0,1,1,<Null>,<Null>,{B4980FC2-4DA9-4897-93E2-07D03233D2F4},1,5,<Null>,<Null>,<Null>,<Null>,149,<Null>,<Null>,9.5,<Null>,<Null>,Point,8,<Null>,<Null>,<Null>,0,0,<Null>,<Null>,<Null>,new,<Null>,<Null>,1,<Null>,<Null>,<Null>,<Null>,<Null>,<Null>,<Null>,<Null>,<Null>,<Null>,<Null>,<Null>,<Null>,<Null>
{E10650FD-131D-463B-BB0B-C2725444437C},1,SS,1,0,1,1,<Null>,<Null>,{B4980FC2-4DA9-4897-93E2-07D03233D2F4},1,5,<Null>,<Null>,<Null>,<Null>,150,<Null>,<Null>,13.5,<Null>,<Null>,Point,8,<Null>,<Null>,<Null>,0,0,<Null>,<Null>,<Null>,new,<Null>,<Null>,1,<Null>,<Null>,<Null>,<Null>,<Null>,<Null>,<Null>,<Null>,<Null>,<Null>,<Null>,<Null>,<Null>,<Null>
{8146635A-8D35-467A-905A-7B445DCD0844},1,SS,3,1,<Null>,1,<Null>,<Null>,{B4980FC2-4DA9-4897-93E2-07D03233D2F4},1,<Null>,<Null>,<Null>,<Null>,<Null>,143,<Null>,<Null>,<Null>,<Null>,<Null>,Point,27,<Null>,<Null>,<Null>,0,0,<Null>,<Null>,<Null>,new,<Null>,<Null>,1,<Null>,<Null>,<Null>,<Null>,<Null>,<Null>,<Null>,<Null>,<Null>,<Null>,<Null>,<Null>,<Null>,<Null>
{2080FAD3-65D7-4A33-82B2-B95092CD50BB},<Null>,<Null>,<Null>,<Null>,<Null>,<Null>,<Null>,<Null>,{B4980FC2-4DA9-4897-93E2-07D03233D2F4},2,<Null>,9,0,<Null>,<Null>,152,<Null>,16,<Null>,<Null>,<Null>,Point,<Null>,4,4,1,<Null>,<Null>,<Null>,<Null>,<Null>,new,<Null>,<Null>,1,4,<Null>,<Null>,<Null>,<Null>,<Null>,<Null>,<Null>,2,<Null>,<Null>,<Null>,<Null>,<Null>
{EB314645-7CAF-447F-A618-6976F9ACB96A},1,SS,3,1,<Null>,1,<Null>,<Null>,{B4980FC2-4DA9-4897-93E2-07D03233D2F4},1,<Null>,<Null>,<Null>,<Null>,<Null>,135,<Null>,<Null>,<Null>,<Null>,<Null>,Point,16,<Null>,<Null>,<Null>,0,0,<Null>,<Null>,<Null>,new,<Null>,<Null>,1,<Null>,<Null>,<Null>,<Null>,<Null>,<Null>,<Null>,<Null>,<Null>,<Null>,<Null>,<Null>,<Null>,<Null>
{5D4EAB6F-CEDD-4BF0-9C96-93CDCC22AE11},<Null>,<Null>,<Null>,<Null>,<Null>,<Null>,<Null>,<Null>,{B4980FC2-4DA9-4897-93E2-07D03233D2F4},2,<Null>,9,0,<Null>,<Null>,151,<Null>,25,<Null>,<Null>,<Null>,Point,<Null>,6,6,1,<Null>,<Null>,<Null>,<Null>,<Null>,new,<Null>,<Null>,1,4,<Null>,<Null>,<Null>,<Null>,<Null>,<Null>,<Null>,2,<Null>,<Null>,<Null>,<Null>,<Null>
{496CCBDD-BDF4-4E03-9B48-04EC8536C962},1,SS,3,1,<Null>,1,<Null>,<Null>,{B4980FC2-4DA9-4897-93E2-07D03233D2F4},1,<Null>,<Null>,<Null>,<Null>,<Null>,142,<Null>,<Null>,<Null>,<Null>,<Null>,Point,27,<Null>,<Null>,<Null>,0,0,<Null>,<Null>,<Null>,new,<Null>,<Null>,1,<Null>,<Null>,<Null>,<Null>,<Null>,<Null>,<Null>,<Null>,<Null>,<Null>,<Null>,<Null>,<Null>,<Null>
{90A618F2-9B4D-496B-B976-E520A1F9ADA6},4,SS,3,1,<Null>,1,1,<Null>,{B4980FC2-4DA9-4897-93E2-07D03233D2F4},1,<Null>,<Null>,<Null>,<Null>,<Null>,141,0,<Null>,24.6,<Null>,<Null>,Point,39,<Null>,<Null>,<Null>,0,0,<Null>,4.8,4.8,new,<Null>,<Null>,1,<Null>,<Null>,<Null>,<Null>,<Null>,<Null>,<Null>,<Null>,<Null>,<Null>,<Null>,<Null>,<Null>,<Null>
{72F58AD5-8E4F-43E6-869C-631C00E4DD74},1,SS,3,1,<Null>,1,<Null>,<Null>,{B4980FC2-4DA9-4897-93E2-07D03233D2F4},1,<Null>,<Null>,<Null>,<Null>,<Null>,140,<Null>,<Null>,<Null>,<Null>,<Null>,Point,31,<Null>,<Null>,<Null>,0,0,<Null>,<Null>,<Null>,new,<Null>,<Null>,1,<Null>,<Null>,<Null>,<Null>,<Null>,<Null>,<Null>,<Null>,<Null>,<Null>,<Null>,<Null>,<Null>,<Null>
{B6548F76-0062-4B56-A9C4-BF61C9001F53},1,SS,3,1,<Null>,1,<Null>,<Null>,{B4980FC2-4DA9-4897-93E2-07D03233D2F4},1,<Null>,<Null>,<Null>,<Null>,<Null>,139,<Null>,<Null>,<Null>,<Null>,<Null>,Point,26,<Null>,<Null>,<Null>,0,0,<Null>,<Null>,<Null>,new,<Null>,<Null>,1,<Null>,<Null>,<Null>,<Null>,<Null>,<Null>,<Null>,<Null>,<Null>,<Null>,<Null>,<Null>,<Null>,<Null>
{07F2A45C-8729-47D0-A155-FEFFE6CA23A3},5,SS,3,1,<Null>,1,2,<Null>,{B4980FC2-4DA9-4897-93E2-07D03233D2F4},1,<Null>,<Null>,<Null>,<Null>,<Null>,138,0,<Null>,17.7,<Null>,<Null>,Point,21,<Null>,<Null>,<Null>,0,0,<Null>,3,3.5,new,<Null>,<Null>,1,<Null>,<Null>,<Null>,<Null>,<Null>,<Null>,<Null>,<Null>,<Null>,<Null>,<Null>,<Null>,<Null>,<Null>
{D2E550E7-953E-480D-B889-98BB9BC01E93},1,SS,3,1,<Null>,1,<Null>,<Null>,{B4980FC2-4DA9-4897-93E2-07D03233D2F4},1,<Null>,<Null>,<Null>,<Null>,<Null>,136,<Null>,<Null>,<Null>,<Null>,<Null>,Point,15,<Null>,<Null>,<Null>,0,0,<Null>,<Null>,<Null>,new,<Null>,<Null>,1,<Null>,<Null>,<Null>,<Null>,<Null>,<Null>,<Null>,<Null>,<Null>,<Null>,<Null>,<Null>,<Null>,<Null>
{3B88BFE5-FBC2-4099-875E-BF74D92A644C},1,SS,3,1,<Null>,1,<Null>,<Null>,{B4980FC2-4DA9-4897-93E2-07D03233D2F4},1,<Null>,<Null>,<Null>,<Null>,<Null>,134,<Null>,<Null>,<Null>,<Null>,<Null>,Point,14,<Null>,<Null>,<Null>,0,0,<Null>,<Null>,<Null>,new,<Null>,<Null>,1,<Null>,<Null>,<Null>,<Null>,<Null>,<Null>,<Null>,<Null>,<Null>,<Null>,<Null>,<Null>,<Null>,<Null>
{4A07F889-4F5C-407B-9641-84FEE24C88B8},1,SS,3,1,<Null>,1,<Null>,<Null>,{B4980FC2-4DA9-4897-93E2-07D03233D2F4},1,<Null>,<Null>,<Null>,<Null>,<Null>,133,<Null>,<Null>,<Null>,<Null>,<Null>,Point,32,<Null>,<Null>,<Null>,0,0,<Null>,<Null>,<Null>,new,<Null>,<Null>,1,<Null>,<Null>,<Null>,<Null>,<Null>,<Null>,<Null>,<Null>,<Null>,<Null>,<Null>,<Null>,<Null>,<Null>
{E628773F-CDDC-42E4-B30A-957C8FEE38FB},1,SS,3,1,<Null>,1,<Null>,<Null>,{B4980FC2-4DA9-4897-93E2-07D03233D2F4},1,<Null>,<Null>,<Null>,<Null>,<Null>,132,<Null>,<Null>,<Null>,<Null>,<Null>,Point,33,<Null>,<Null>,<Null>,0,0,<Null>,<Null>,<Null>,new,<Null>,<Null>,1,<Null>,<Null>,<Null>,<Null>,<Null>,<Null>,<Null>,<Null>,<Null>,<Null>,<Null>,<Null>,<Null>,<Null>
{635549F3-6138-4A05-A97C-B7790270399E},1,SS,3,1,<Null>,1,<Null>,<Null>,{B4980FC2-4DA9-4897-93E2-07D03233D2F4},1,<Null>,<Null>,<Null>,<Null>,<Null>,131,<Null>,<Null>,<Null>,<Null>,<Null>,Point,25,<Null>,<Null>,<Null>,0,0,<Null>,<Null>,<Null>,new,<Null>,<Null>,1,<Null>,<Null>,<Null>,<Null>,<Null>,<Null>,<Null>,<Null>,<Null>,<Null>,<Null>,<Null>,<Null>,<Null>
{CC4F7EFE-0E05-4705-9006-49F0F5488493},1,SS,3,1,<Null>,1,<Null>,<Null>,{B4980FC2-4DA9-4897-93E2-07D03233D2F4},1,<Null>,<Null>,<Null>,<Null>,<Null>,153,<Null>,<Null>,<Null>,<Null>,<Null>,Point,17,<Null>,<Null>,<Null>,0,0,<Null>,<Null>,<Null>,new,<Null>,<Null>,1,<Null>,<Null>,<Null>,<Null>,<Null>,<Null>,<Null>,<Null>,<Null>,<Null>,<Null>,<Null>,<Null>,<Null>
{7E8647F9-E838-464C-90B8-8BC29BDC30DF},2,SS,3,1,<Null>,1,4,<Null>,{B4980FC2-4DA9-4897-93E2-07D03233D2F4},1,<Null>,<Null>,<Null>,<Null>,<Null>,137,<Null>,<Null>,24.2,<Null>,<Null>,Point,41,<Null>,<Null>,<Null>,0,0,<Null>,6.7,6.6,new,<Null>,<Null>,1,<Null>,<Null>,<Null>,<Null>,<Null>,<Null>,<Null>,<Null>,<Null>,<Null>,<Null>,<Null>,<Null>,<Null>
